<?xml version="1.0" encoding="UTF-8"?>
<model>
<topic id='0' tokens='150874.0000' document_entropy='5.4737' word-length='4.3000' coherence='-60.0895' uniform_dist='3.0774' corpus_dist='0.8166' eff_num_words='609.8621' token-doc-diff='0.0085' rank_1_docs='0.2785' allocation_ratio='0.0000' allocation_count='0.3740' exclusivity='0.5400'>
<word rank='1' count='1739' prob='0.01153' cumulative='0.01153' docs='323' word-length='3.0000' coherence='0.0000' uniform_dist='0.0695' corpus_dist='0.0087' token-doc-diff='0.0014' exclusivity='0.5289'>one</word>
<word rank='2' count='1722' prob='0.01141' cumulative='0.02294' docs='304' word-length='4.0000' coherence='-0.1393' uniform_dist='0.0687' corpus_dist='0.0090' token-doc-diff='0.0018' exclusivity='0.3094'>said</word>
<word rank='3' count='1441' prob='0.00955' cumulative='0.03249' docs='284' word-length='5.0000' coherence='-0.2093' uniform_dist='0.0558' corpus_dist='0.0106' token-doc-diff='0.0009' exclusivity='0.6933'>would</word>
<word rank='4' count='1307' prob='0.00866' cumulative='0.04115' docs='292' word-length='4.0000' coherence='-0.1941' uniform_dist='0.0497' corpus_dist='0.0072' token-doc-diff='0.0003' exclusivity='0.6123'>time</word>
<word rank='5' count='1187' prob='0.00787' cumulative='0.04902' docs='275' word-length='3.0000' coherence='-0.2364' uniform_dist='0.0444' corpus_dist='0.0094' token-doc-diff='0.0002' exclusivity='0.9671'>man</word>
<word rank='6' count='1079' prob='0.00715' cumulative='0.05617' docs='286' word-length='5.0000' coherence='-0.2171' uniform_dist='0.0397' corpus_dist='0.0036' token-doc-diff='0.0000' exclusivity='0.3329'>first</word>
<word rank='7' count='1054' prob='0.00699' cumulative='0.06316' docs='270' word-length='5.0000' coherence='-0.2623' uniform_dist='0.0386' corpus_dist='0.0083' token-doc-diff='0.0000' exclusivity='0.8969'>could</word>
<word rank='8' count='1015' prob='0.00673' cumulative='0.06989' docs='269' word-length='4.0000' coherence='-0.2522' uniform_dist='0.0369' corpus_dist='0.0055' token-doc-diff='0.0000' exclusivity='0.3239'>life</word>
<word rank='9' count='935' prob='0.00620' cumulative='0.07608' docs='271' word-length='5.0000' coherence='-0.2403' uniform_dist='0.0335' corpus_dist='0.0007' token-doc-diff='0.0000' exclusivity='0.2630'>years</word>
<word rank='10' count='828' prob='0.00549' cumulative='0.08157' docs='257' word-length='5.0000' coherence='-0.3053' uniform_dist='0.0290' corpus_dist='0.0061' token-doc-diff='0.0001' exclusivity='0.6309'>never</word>
<word rank='11' count='767' prob='0.00508' cumulative='0.08666' docs='250' word-length='4.0000' coherence='-0.3378' uniform_dist='0.0265' corpus_dist='0.0033' token-doc-diff='0.0002' exclusivity='0.4669'>many</word>
<word rank='12' count='742' prob='0.00492' cumulative='0.09157' docs='243' word-length='5.0000' coherence='-0.3571' uniform_dist='0.0255' corpus_dist='0.0024' token-doc-diff='0.0002' exclusivity='0.3467'>later</word>
<word rank='13' count='691' prob='0.00458' cumulative='0.09615' docs='233' word-length='6.0000' coherence='-0.3935' uniform_dist='0.0234' corpus_dist='0.0047' token-doc-diff='0.0002' exclusivity='0.3668'>people</word>
<word rank='14' count='668' prob='0.00443' cumulative='0.10058' docs='233' word-length='4.0000' coherence='-0.4210' uniform_dist='0.0225' corpus_dist='0.0024' token-doc-diff='0.0003' exclusivity='0.3004'>also</word>
<word rank='15' count='643' prob='0.00426' cumulative='0.10484' docs='225' word-length='4.0000' coherence='-0.4305' uniform_dist='0.0214' corpus_dist='0.0051' token-doc-diff='0.0003' exclusivity='0.9259'>even</word>
<word rank='16' count='612' prob='0.00406' cumulative='0.10890' docs='225' word-length='4.0000' coherence='-0.4302' uniform_dist='0.0202' corpus_dist='0.0011' token-doc-diff='0.0004' exclusivity='0.2159'>made</word>
<word rank='17' count='610' prob='0.00404' cumulative='0.11294' docs='239' word-length='3.0000' coherence='-0.3915' uniform_dist='0.0201' corpus_dist='0.0014' token-doc-diff='0.0006' exclusivity='0.2855'>two</word>
<word rank='18' count='604' prob='0.00400' cumulative='0.11695' docs='238' word-length='6.0000' coherence='-0.3749' uniform_dist='0.0199' corpus_dist='0.0039' token-doc-diff='0.0006' exclusivity='0.6640'>called</word>
<word rank='19' count='601' prob='0.00398' cumulative='0.12093' docs='228' word-length='3.0000' coherence='-0.4305' uniform_dist='0.0198' corpus_dist='0.0047' token-doc-diff='0.0005' exclusivity='0.9667'>way</word>
<word rank='20' count='597' prob='0.00396' cumulative='0.12489' docs='225' word-length='4.0000' coherence='-0.4257' uniform_dist='0.0196' corpus_dist='0.0038' token-doc-diff='0.0005' exclusivity='0.7020'>long</word>
</topic>
<topic id='1' tokens='13028.0000' document_entropy='3.7346' word-length='5.4000' coherence='-368.9298' uniform_dist='3.3147' corpus_dist='2.5958' eff_num_words='552.8877' token-doc-diff='0.0411' rank_1_docs='0.1615' allocation_ratio='0.0690' allocation_count='0.1846' exclusivity='0.7253'>
<word rank='1' count='157' prob='0.01205' cumulative='0.01205' docs='32' word-length='8.0000' coherence='0.0000' uniform_dist='0.0732' corpus_dist='0.0435' token-doc-diff='0.0001' exclusivity='0.9849'>baseball</word>
<word rank='2' count='127' prob='0.00975' cumulative='0.02180' docs='30' word-length='4.0000' coherence='-0.5204' uniform_dist='0.0571' corpus_dist='0.0335' token-doc-diff='0.0000' exclusivity='0.9750'>game</word>
<word rank='3' count='125' prob='0.00959' cumulative='0.03139' docs='24' word-length='5.0000' coherence='-0.8344' uniform_dist='0.0561' corpus_dist='0.0271' token-doc-diff='0.0002' exclusivity='0.6002'>louis</word>
<word rank='4' count='95' prob='0.00729' cumulative='0.03869' docs='14' word-length='4.0000' coherence='-1.4507' uniform_dist='0.0406' corpus_dist='0.0259' token-doc-diff='0.0010' exclusivity='0.9446'>ruth</word>
<word rank='5' count='90' prob='0.00691' cumulative='0.04559' docs='27' word-length='4.0000' coherence='-1.0242' uniform_dist='0.0381' corpus_dist='0.0228' token-doc-diff='0.0007' exclusivity='0.8042'>team</word>
<word rank='6' count='89' prob='0.00683' cumulative='0.05243' docs='34' word-length='3.0000' coherence='-0.5574' uniform_dist='0.0376' corpus_dist='0.0125' token-doc-diff='0.0027' exclusivity='0.3181'>won</word>
<word rank='7' count='77' prob='0.00591' cumulative='0.05834' docs='31' word-length='4.0000' coherence='-1.0242' uniform_dist='0.0317' corpus_dist='0.0008' token-doc-diff='0.0028' exclusivity='0.1450'>said</word>
<word rank='8' count='76' prob='0.00583' cumulative='0.06417' docs='13' word-length='6.0000' coherence='-2.1848' uniform_dist='0.0312' corpus_dist='0.0207' token-doc-diff='0.0004' exclusivity='0.9388'>tennis</word>
<word rank='9' count='75' prob='0.00576' cumulative='0.06993' docs='14' word-length='6.0000' coherence='-5.7330' uniform_dist='0.0307' corpus_dist='0.0155' token-doc-diff='0.0002' exclusivity='0.5122'>league</word>
<word rank='10' count='69' prob='0.00530' cumulative='0.07522' docs='1' word-length='6.0000' coherence='-6.3446' uniform_dist='0.0278' corpus_dist='0.0193' token-doc-diff='0.0106' exclusivity='0.9943'>schulz</word>
<word rank='11' count='68' prob='0.00522' cumulative='0.08044' docs='30' word-length='5.0000' coherence='-0.8433' uniform_dist='0.0273' corpus_dist='0.0010' token-doc-diff='0.0035' exclusivity='0.2199'>first</word>
<word rank='12' count='67' prob='0.00514' cumulative='0.08558' docs='7' word-length='4.0000' coherence='-3.2061' uniform_dist='0.0268' corpus_dist='0.0187' token-doc-diff='0.0020' exclusivity='0.9942'>babe</word>
<word rank='13' count='67' prob='0.00514' cumulative='0.09073' docs='3' word-length='6.0000' coherence='-5.7330' uniform_dist='0.0268' corpus_dist='0.0187' token-doc-diff='0.0060' exclusivity='0.9942'>rickey</word>
<word rank='14' count='64' prob='0.00491' cumulative='0.09564' docs='5' word-length='6.0000' coherence='-5.8068' uniform_dist='0.0254' corpus_dist='0.0174' token-doc-diff='0.0032' exclusivity='0.9386'>abbott</word>
<word rank='15' count='62' prob='0.00476' cumulative='0.10040' docs='15' word-length='8.0000' coherence='-5.8068' uniform_dist='0.0245' corpus_dist='0.0157' token-doc-diff='0.0000' exclusivity='0.8708'>champion</word>
<word rank='16' count='61' prob='0.00468' cumulative='0.10508' docs='12' word-length='4.0000' coherence='-4.2773' uniform_dist='0.0240' corpus_dist='0.0152' token-doc-diff='0.0001' exclusivity='0.7253'>golf</word>
<word rank='17' count='61' prob='0.00468' cumulative='0.10976' docs='17' word-length='8.0000' coherence='-1.9968' uniform_dist='0.0240' corpus_dist='0.0160' token-doc-diff='0.0003' exclusivity='0.9104'>football</word>
<word rank='18' count='60' prob='0.00461' cumulative='0.11437' docs='4' word-length='5.0000' coherence='-6.6924' uniform_dist='0.0235' corpus_dist='0.0140' token-doc-diff='0.0037' exclusivity='0.8067'>space</word>
<word rank='19' count='58' prob='0.00445' cumulative='0.11882' docs='22' word-length='6.0000' coherence='-4.7826' uniform_dist='0.0226' corpus_dist='0.0109' token-doc-diff='0.0017' exclusivity='0.5345'>record</word>
<word rank='20' count='57' prob='0.00438' cumulative='0.12320' docs='22' word-length='6.0000' coherence='-1.3554' uniform_dist='0.0221' corpus_dist='0.0084' token-doc-diff='0.0018' exclusivity='0.2936'>played</word>
</topic>
<topic id='2' tokens='22524.0000' document_entropy='4.1482' word-length='6.7500' coherence='-216.2465' uniform_dist='3.4715' corpus_dist='2.0581' eff_num_words='318.9029' token-doc-diff='0.0168' rank_1_docs='0.0441' allocation_ratio='0.0000' allocation_count='0.0529' exclusivity='0.5562'>
<word rank='1' count='558' prob='0.02477' cumulative='0.02477' docs='114' word-length='3.0000' coherence='0.0000' uniform_dist='0.1683' corpus_dist='0.0526' token-doc-diff='0.0006' exclusivity='0.5059'>war</word>
<word rank='2' count='417' prob='0.01851' cumulative='0.04329' docs='79' word-length='7.0000' coherence='-0.6754' uniform_dist='0.1204' corpus_dist='0.0426' token-doc-diff='0.0009' exclusivity='0.4455'>general</word>
<word rank='3' count='402' prob='0.01785' cumulative='0.06113' docs='89' word-length='6.0000' coherence='-0.5019' uniform_dist='0.1154' corpus_dist='0.0370' token-doc-diff='0.0002' exclusivity='0.5304'>united</word>
<word rank='4' count='263' prob='0.01168' cumulative='0.07281' docs='73' word-length='6.0000' coherence='-0.5928' uniform_dist='0.0705' corpus_dist='0.0207' token-doc-diff='0.0001' exclusivity='0.4369'>states</word>
<word rank='5' count='249' prob='0.01105' cumulative='0.08387' docs='61' word-length='4.0000' coherence='-0.7845' uniform_dist='0.0662' corpus_dist='0.0268' token-doc-diff='0.0000' exclusivity='0.5047'>army</word>
<word rank='6' count='196' prob='0.00870' cumulative='0.09257' docs='59' word-length='9.0000' coherence='-0.9070' uniform_dist='0.0500' corpus_dist='0.0213' token-doc-diff='0.0002' exclusivity='0.6416'>secretary</word>
<word rank='7' count='195' prob='0.00866' cumulative='0.10123' docs='64' word-length='8.0000' coherence='-0.7313' uniform_dist='0.0497' corpus_dist='0.0114' token-doc-diff='0.0005' exclusivity='0.4433'>american</word>
<word rank='8' count='193' prob='0.00857' cumulative='0.10979' docs='52' word-length='7.0000' coherence='-0.8855' uniform_dist='0.0491' corpus_dist='0.0227' token-doc-diff='0.0000' exclusivity='0.7277'>nations</word>
<word rank='9' count='192' prob='0.00852' cumulative='0.11832' docs='59' word-length='8.0000' coherence='-0.8439' uniform_dist='0.0488' corpus_dist='0.0211' token-doc-diff='0.0003' exclusivity='0.4996'>military</word>
<word rank='10' count='185' prob='0.00821' cumulative='0.12653' docs='57' word-length='9.0000' coherence='-0.8237' uniform_dist='0.0467' corpus_dist='0.0082' token-doc-diff='0.0003' exclusivity='0.1866'>president</word>
<word rank='11' count='185' prob='0.00821' cumulative='0.13475' docs='47' word-length='6.0000' coherence='-1.0220' uniform_dist='0.0467' corpus_dist='0.0208' token-doc-diff='0.0000' exclusivity='0.5790'>france</word>
<word rank='12' count='172' prob='0.00764' cumulative='0.14238' docs='42' word-length='6.0000' coherence='-1.0979' uniform_dist='0.0429' corpus_dist='0.0185' token-doc-diff='0.0000' exclusivity='0.5371'>french</word>
<word rank='13' count='166' prob='0.00737' cumulative='0.14975' docs='58' word-length='5.0000' coherence='-0.9070' uniform_dist='0.0411' corpus_dist='0.0067' token-doc-diff='0.0006' exclusivity='0.1933'>world</word>
<word rank='14' count='150' prob='0.00666' cumulative='0.15641' docs='26' word-length='6.0000' coherence='-1.5992' uniform_dist='0.0365' corpus_dist='0.0164' token-doc-diff='0.0005' exclusivity='0.6144'>truman</word>
<word rank='15' count='128' prob='0.00568' cumulative='0.16209' docs='54' word-length='6.0000' coherence='-0.8439' uniform_dist='0.0302' corpus_dist='0.0129' token-doc-diff='0.0013' exclusivity='0.6477'>europe</word>
<word rank='16' count='117' prob='0.00519' cumulative='0.16729' docs='7' word-length='9.0000' coherence='-2.7846' uniform_dist='0.0272' corpus_dist='0.0160' token-doc-diff='0.0035' exclusivity='0.9786'>macarthur</word>
<word rank='17' count='117' prob='0.00519' cumulative='0.17248' docs='18' word-length='9.0000' coherence='-1.9613' uniform_dist='0.0272' corpus_dist='0.0161' token-doc-diff='0.0007' exclusivity='0.9942'>churchill</word>
<word rank='18' count='112' prob='0.00497' cumulative='0.17746' docs='5' word-length='8.0000' coherence='-3.3642' uniform_dist='0.0258' corpus_dist='0.0154' token-doc-diff='0.0042' exclusivity='0.9940'>pershing</word>
<word rank='19' count='104' prob='0.00462' cumulative='0.18207' docs='53' word-length='7.0000' coherence='-0.9290' uniform_dist='0.0236' corpus_dist='0.0051' token-doc-diff='0.0022' exclusivity='0.1943'>country</word>
<word rank='20' count='102' prob='0.00453' cumulative='0.18660' docs='40' word-length='6.0000' coherence='-1.2129' uniform_dist='0.0231' corpus_dist='0.0106' token-doc-diff='0.0007' exclusivity='0.4692'>forces</word>
</topic>
<topic id='3' tokens='21882.0000' document_entropy='3.1258' word-length='4.9000' coherence='-225.1468' uniform_dist='3.1245' corpus_dist='1.9603' eff_num_words='574.5238' token-doc-diff='0.0309' rank_1_docs='0.0212' allocation_ratio='0.0099' allocation_count='0.0254' exclusivity='0.4412'>
<word rank='1' count='343' prob='0.01567' cumulative='0.01567' docs='34' word-length='5.0000' coherence='0.0000' uniform_dist='0.0993' corpus_dist='0.0490' token-doc-diff='0.0094' exclusivity='0.9981'>grant</word>
<word rank='2' count='342' prob='0.01563' cumulative='0.03130' docs='61' word-length='7.0000' coherence='-1.0392' uniform_dist='0.0990' corpus_dist='0.0333' token-doc-diff='0.0018' exclusivity='0.3754'>general</word>
<word rank='3' count='324' prob='0.01481' cumulative='0.04611' docs='34' word-length='3.0000' coherence='-1.3257' uniform_dist='0.0930' corpus_dist='0.0456' token-doc-diff='0.0081' exclusivity='0.9523'>gen</word>
<word rank='4' count='190' prob='0.00868' cumulative='0.05479' docs='57' word-length='4.0000' coherence='-0.9594' uniform_dist='0.0499' corpus_dist='0.0200' token-doc-diff='0.0002' exclusivity='0.7063'>upon</word>
<word rank='5' count='141' prob='0.00644' cumulative='0.06124' docs='34' word-length='4.0000' coherence='-1.4429' uniform_dist='0.0351' corpus_dist='0.0121' token-doc-diff='0.0000' exclusivity='0.2936'>army</word>
<word rank='6' count='106' prob='0.00484' cumulative='0.06608' docs='32' word-length='9.0000' coherence='-1.1259' uniform_dist='0.0250' corpus_dist='0.0023' token-doc-diff='0.0001' exclusivity='0.1099'>president</word>
<word rank='7' count='105' prob='0.00480' cumulative='0.07088' docs='41' word-length='4.0000' coherence='-1.1259' uniform_dist='0.0247' corpus_dist='0.0021' token-doc-diff='0.0011' exclusivity='0.2413'>made</word>
<word rank='8' count='102' prob='0.00466' cumulative='0.07554' docs='33' word-length='3.0000' coherence='-1.2208' uniform_dist='0.0239' corpus_dist='0.0063' token-doc-diff='0.0003' exclusivity='0.4037'>men</word>
<word rank='9' count='88' prob='0.00402' cumulative='0.07956' docs='35' word-length='4.0000' coherence='-1.4429' uniform_dist='0.0200' corpus_dist='0.0056' token-doc-diff='0.0010' exclusivity='0.4743'>days</word>
<word rank='10' count='87' prob='0.00398' cumulative='0.08354' docs='36' word-length='5.0000' coherence='-1.2208' uniform_dist='0.0197' corpus_dist='0.0067' token-doc-diff='0.0012' exclusivity='0.3428'>march</word>
<word rank='11' count='86' prob='0.00393' cumulative='0.08747' docs='34' word-length='3.0000' coherence='-1.3257' uniform_dist='0.0195' corpus_dist='0.0039' token-doc-diff='0.0010' exclusivity='0.2742'>day</word>
<word rank='12' count='82' prob='0.00375' cumulative='0.09122' docs='23' word-length='5.0000' coherence='-1.7288' uniform_dist='0.0184' corpus_dist='0.0055' token-doc-diff='0.0000' exclusivity='0.1822'>union</word>
<word rank='13' count='76' prob='0.00347' cumulative='0.09469' docs='14' word-length='8.0000' coherence='-2.8425' uniform_dist='0.0168' corpus_dist='0.0102' token-doc-diff='0.0003' exclusivity='0.8014'>harrison</word>
<word rank='14' count='76' prob='0.00347' cumulative='0.09816' docs='30' word-length='5.0000' coherence='-1.5757' uniform_dist='0.0168' corpus_dist='0.0022' token-doc-diff='0.0008' exclusivity='0.2390'>great</word>
<word rank='15' count='73' prob='0.00334' cumulative='0.10150' docs='32' word-length='6.0000' coherence='-1.5757' uniform_dist='0.0160' corpus_dist='0.0092' token-doc-diff='0.0013' exclusivity='0.9241'>latter</word>
<word rank='16' count='70' prob='0.00320' cumulative='0.10470' docs='29' word-length='3.0000' coherence='-1.5757' uniform_dist='0.0152' corpus_dist='0.0002' token-doc-diff='0.0010' exclusivity='0.0652'>war</word>
<word rank='17' count='69' prob='0.00315' cumulative='0.10785' docs='31' word-length='7.0000' coherence='-1.3257' uniform_dist='0.0149' corpus_dist='0.0023' token-doc-diff='0.0014' exclusivity='0.1325'>country</word>
<word rank='18' count='68' prob='0.00311' cumulative='0.11096' docs='28' word-length='4.0000' coherence='-1.9280' uniform_dist='0.0147' corpus_dist='0.0052' token-doc-diff='0.0009' exclusivity='0.4313'>sent</word>
<word rank='19' count='67' prob='0.00306' cumulative='0.11402' docs='15' word-length='3.0000' coherence='-2.6470' uniform_dist='0.0144' corpus_dist='0.0085' token-doc-diff='0.0001' exclusivity='0.6833'>lee</word>
<word rank='20' count='67' prob='0.00306' cumulative='0.11708' docs='25' word-length='6.0000' coherence='-1.9968' uniform_dist='0.0144' corpus_dist='0.0040' token-doc-diff='0.0005' exclusivity='0.1922'>office</word>
</topic>
<topic id='4' tokens='14610.0000' document_entropy='3.5861' word-length='6.6000' coherence='-227.9514' uniform_dist='3.4281' corpus_dist='2.6226' eff_num_words='359.9044' token-doc-diff='0.0370' rank_1_docs='0.1603' allocation_ratio='0.0714' allocation_count='0.1832' exclusivity='0.8309'>
<word rank='1' count='397' prob='0.02717' cumulative='0.02717' docs='57' word-length='5.0000' coherence='0.0000' uniform_dist='0.1871' corpus_dist='0.0917' token-doc-diff='0.0014' exclusivity='0.9400'>music</word>
<word rank='2' count='248' prob='0.01697' cumulative='0.04415' docs='26' word-length='4.0000' coherence='-1.0971' uniform_dist='0.1089' corpus_dist='0.0589' token-doc-diff='0.0034' exclusivity='0.9766'>band</word>
<word rank='3' count='191' prob='0.01307' cumulative='0.05722' docs='23' word-length='4.0000' coherence='-1.1511' uniform_dist='0.0804' corpus_dist='0.0461' token-doc-diff='0.0017' exclusivity='0.9946'>jazz</word>
<word rank='4' count='126' prob='0.00862' cumulative='0.06585' docs='27' word-length='5.0000' coherence='-1.0578' uniform_dist='0.0495' corpus_dist='0.0293' token-doc-diff='0.0001' exclusivity='0.9113'>piano</word>
<word rank='5' count='121' prob='0.00828' cumulative='0.07413' docs='40' word-length='7.0000' coherence='-0.6489' uniform_dist='0.0472' corpus_dist='0.0261' token-doc-diff='0.0026' exclusivity='0.7866'>musical</word>
<word rank='6' count='115' prob='0.00787' cumulative='0.08200' docs='8' word-length='7.0000' coherence='-2.2450' uniform_dist='0.0444' corpus_dist='0.0275' token-doc-diff='0.0037' exclusivity='0.9716'>sinatra</word>
<word rank='7' count='108' prob='0.00739' cumulative='0.08939' docs='28' word-length='8.0000' coherence='-5.2495' uniform_dist='0.0413' corpus_dist='0.0256' token-doc-diff='0.0006' exclusivity='0.9492'>composer</word>
<word rank='8' count='105' prob='0.00719' cumulative='0.09658' docs='7' word-length='7.0000' coherence='-3.2924' uniform_dist='0.0399' corpus_dist='0.0253' token-doc-diff='0.0036' exclusivity='0.9903'>goodman</word>
<word rank='9' count='89' prob='0.00609' cumulative='0.10267' docs='5' word-length='10.0000' coherence='-5.2495' uniform_dist='0.0328' corpus_dist='0.0215' token-doc-diff='0.0038' exclusivity='0.9951'>stravinsky</word>
<word rank='10' count='89' prob='0.00609' cumulative='0.10876' docs='26' word-length='9.0000' coherence='-0.8232' uniform_dist='0.0328' corpus_dist='0.0210' token-doc-diff='0.0011' exclusivity='0.9453'>orchestra</word>
<word rank='11' count='87' prob='0.00595' cumulative='0.11472' docs='7' word-length='9.0000' coherence='-5.2495' uniform_dist='0.0320' corpus_dist='0.0209' token-doc-diff='0.0022' exclusivity='0.9820'>bernstein</word>
<word rank='12' count='87' prob='0.00595' cumulative='0.12067' docs='29' word-length='6.0000' coherence='-0.8393' uniform_dist='0.0320' corpus_dist='0.0132' token-doc-diff='0.0019' exclusivity='0.4040'>played</word>
<word rank='13' count='85' prob='0.00582' cumulative='0.12649' docs='10' word-length='9.0000' coherence='-5.1167' uniform_dist='0.0311' corpus_dist='0.0204' token-doc-diff='0.0008' exclusivity='0.9697'>armstrong</word>
<word rank='14' count='83' prob='0.00568' cumulative='0.13217' docs='29' word-length='9.0000' coherence='-0.8393' uniform_dist='0.0302' corpus_dist='0.0200' token-doc-diff='0.0022' exclusivity='0.9807'>musicians</word>
<word rank='15' count='83' prob='0.00568' cumulative='0.13785' docs='26' word-length='7.0000' coherence='-1.1942' uniform_dist='0.0302' corpus_dist='0.0192' token-doc-diff='0.0014' exclusivity='0.9400'>concert</word>
<word rank='16' count='78' prob='0.00534' cumulative='0.14319' docs='23' word-length='7.0000' coherence='-1.0269' uniform_dist='0.0281' corpus_dist='0.0148' token-doc-diff='0.0010' exclusivity='0.5546'>playing</word>
<word rank='17' count='75' prob='0.00513' cumulative='0.14832' docs='21' word-length='5.0000' coherence='-1.5928' uniform_dist='0.0268' corpus_dist='0.0116' token-doc-diff='0.0007' exclusivity='0.2954'>works</word>
<word rank='18' count='73' prob='0.00500' cumulative='0.15332' docs='28' word-length='5.0000' coherence='-0.8640' uniform_dist='0.0259' corpus_dist='0.0127' token-doc-diff='0.0027' exclusivity='0.5436'>style</word>
<word rank='19' count='70' prob='0.00479' cumulative='0.15811' docs='9' word-length='5.0000' coherence='-2.2654' uniform_dist='0.0247' corpus_dist='0.0144' token-doc-diff='0.0005' exclusivity='0.7654'>davis</word>
<word rank='20' count='70' prob='0.00479' cumulative='0.16290' docs='24' word-length='4.0000' coherence='-1.3818' uniform_dist='0.0247' corpus_dist='0.0127' token-doc-diff='0.0017' exclusivity='0.7216'>hall</word>
</topic>
<topic id='5' tokens='25861.0000' document_entropy='4.4485' word-length='5.7000' coherence='-136.9952' uniform_dist='3.1717' corpus_dist='2.0881' eff_num_words='512.4221' token-doc-diff='0.0127' rank_1_docs='0.1532' allocation_ratio='0.0331' allocation_count='0.1660' exclusivity='0.7159'>
<word rank='1' count='437' prob='0.01690' cumulative='0.01690' docs='66' word-length='4.0000' coherence='0.0000' uniform_dist='0.1083' corpus_dist='0.0349' token-doc-diff='0.0052' exclusivity='0.3195'>miss</word>
<word rank='2' count='323' prob='0.01249' cumulative='0.02939' docs='70' word-length='4.0000' coherence='-0.6925' uniform_dist='0.0763' corpus_dist='0.0369' token-doc-diff='0.0011' exclusivity='0.9976'>film</word>
<word rank='3' count='220' prob='0.00851' cumulative='0.03789' docs='49' word-length='7.0000' coherence='-0.9697' uniform_dist='0.0487' corpus_dist='0.0248' token-doc-diff='0.0006' exclusivity='0.9188'>theater</word>
<word rank='4' count='211' prob='0.00816' cumulative='0.04605' docs='57' word-length='8.0000' coherence='-0.7820' uniform_dist='0.0464' corpus_dist='0.0240' token-doc-diff='0.0001' exclusivity='0.9700'>broadway</word>
<word rank='5' count='208' prob='0.00804' cumulative='0.05410' docs='56' word-length='5.0000' coherence='-0.8566' uniform_dist='0.0456' corpus_dist='0.0236' token-doc-diff='0.0001' exclusivity='0.9590'>films</word>
<word rank='6' count='207' prob='0.00800' cumulative='0.06210' docs='68' word-length='5.0000' coherence='-0.6627' uniform_dist='0.0453' corpus_dist='0.0232' token-doc-diff='0.0000' exclusivity='0.9104'>movie</word>
<word rank='7' count='200' prob='0.00773' cumulative='0.06983' docs='62' word-length='9.0000' coherence='-0.7877' uniform_dist='0.0435' corpus_dist='0.0228' token-doc-diff='0.0000' exclusivity='0.9878'>hollywood</word>
<word rank='8' count='180' prob='0.00696' cumulative='0.07680' docs='51' word-length='5.0000' coherence='-1.1438' uniform_dist='0.0384' corpus_dist='0.0206' token-doc-diff='0.0000' exclusivity='0.9957'>actor</word>
<word rank='9' count='179' prob='0.00692' cumulative='0.08372' docs='53' word-length='6.0000' coherence='-0.9697' uniform_dist='0.0382' corpus_dist='0.0204' token-doc-diff='0.0000' exclusivity='0.9832'>movies</word>
<word rank='10' count='175' prob='0.00677' cumulative='0.09048' docs='61' word-length='10.0000' coherence='-0.7877' uniform_dist='0.0372' corpus_dist='0.0174' token-doc-diff='0.0001' exclusivity='0.7863'>television</word>
<word rank='11' count='172' prob='0.00665' cumulative='0.09713' docs='58' word-length='5.0000' coherence='-0.7121' uniform_dist='0.0364' corpus_dist='0.0166' token-doc-diff='0.0001' exclusivity='0.7191'>stage</word>
<word rank='12' count='153' prob='0.00592' cumulative='0.10305' docs='71' word-length='4.0000' coherence='-0.5516' uniform_dist='0.0317' corpus_dist='0.0008' token-doc-diff='0.0011' exclusivity='0.1530'>said</word>
<word rank='13' count='144' prob='0.00557' cumulative='0.10862' docs='58' word-length='4.0000' coherence='-0.9697' uniform_dist='0.0295' corpus_dist='0.0126' token-doc-diff='0.0004' exclusivity='0.7141'>show</word>
<word rank='14' count='139' prob='0.00537' cumulative='0.11399' docs='45' word-length='8.0000' coherence='-1.0530' uniform_dist='0.0283' corpus_dist='0.0119' token-doc-diff='0.0000' exclusivity='0.4390'>director</word>
<word rank='15' count='134' prob='0.00518' cumulative='0.11918' docs='61' word-length='4.0000' coherence='-0.7549' uniform_dist='0.0271' corpus_dist='0.0114' token-doc-diff='0.0009' exclusivity='0.4939'>role</word>
<word rank='16' count='129' prob='0.00499' cumulative='0.12416' docs='51' word-length='7.0000' coherence='-0.8215' uniform_dist='0.0259' corpus_dist='0.0146' token-doc-diff='0.0003' exclusivity='0.9433'>actress</word>
<word rank='17' count='113' prob='0.00437' cumulative='0.12853' docs='54' word-length='3.0000' coherence='-0.8215' uniform_dist='0.0221' corpus_dist='0.0060' token-doc-diff='0.0010' exclusivity='0.2146'>won</word>
<word rank='18' count='109' prob='0.00421' cumulative='0.13275' docs='27' word-length='5.0000' coherence='-1.5728' uniform_dist='0.0212' corpus_dist='0.0114' token-doc-diff='0.0001' exclusivity='0.6648'>dance</word>
<word rank='19' count='107' prob='0.00414' cumulative='0.13689' docs='46' word-length='4.0000' coherence='-0.9306' uniform_dist='0.0207' corpus_dist='0.0097' token-doc-diff='0.0005' exclusivity='0.6002'>star</word>
<word rank='20' count='101' prob='0.00391' cumulative='0.14079' docs='48' word-length='7.0000' coherence='-1.0650' uniform_dist='0.0193' corpus_dist='0.0093' token-doc-diff='0.0008' exclusivity='0.5471'>picture</word>
</topic>
<topic id='6' tokens='104096.0000' document_entropy='5.7673' word-length='4.3000' coherence='-52.8863' uniform_dist='3.4563' corpus_dist='0.9966' eff_num_words='392.3439' token-doc-diff='0.0107' rank_1_docs='0.2507' allocation_ratio='0.0211' allocation_count='0.2955' exclusivity='0.5348'>
<word rank='1' count='1813' prob='0.01742' cumulative='0.01742' docs='356' word-length='5.0000' coherence='0.0000' uniform_dist='0.1122' corpus_dist='0.0200' token-doc-diff='0.0031' exclusivity='0.7358'>years</word>
<word rank='2' count='1615' prob='0.01551' cumulative='0.03293' docs='348' word-length='3.0000' coherence='-0.0819' uniform_dist='0.0981' corpus_dist='0.0185' token-doc-diff='0.0020' exclusivity='0.4777'>new</word>
<word rank='3' count='1013' prob='0.00973' cumulative='0.04266' docs='318' word-length='4.0000' coherence='-0.1678' uniform_dist='0.0570' corpus_dist='0.0131' token-doc-diff='0.0001' exclusivity='0.4222'>york</word>
<word rank='4' count='1002' prob='0.00963' cumulative='0.05229' docs='307' word-length='5.0000' coherence='-0.1975' uniform_dist='0.0563' corpus_dist='0.0077' token-doc-diff='0.0001' exclusivity='0.4460'>first</word>
<word rank='5' count='995' prob='0.00956' cumulative='0.06185' docs='307' word-length='6.0000' coherence='-0.2129' uniform_dist='0.0558' corpus_dist='0.0135' token-doc-diff='0.0001' exclusivity='0.6992'>became</word>
<word rank='6' count='930' prob='0.00893' cumulative='0.07078' docs='317' word-length='3.0000' coherence='-0.1618' uniform_dist='0.0516' corpus_dist='0.0045' token-doc-diff='0.0000' exclusivity='0.4081'>one</word>
<word rank='7' count='900' prob='0.00865' cumulative='0.07943' docs='267' word-length='8.0000' coherence='-0.3267' uniform_dist='0.0496' corpus_dist='0.0114' token-doc-diff='0.0001' exclusivity='0.4657'>american</word>
<word rank='8' count='849' prob='0.00816' cumulative='0.08758' docs='297' word-length='4.0000' coherence='-0.2295' uniform_dist='0.0463' corpus_dist='0.0096' token-doc-diff='0.0000' exclusivity='0.5458'>year</word>
<word rank='9' count='796' prob='0.00765' cumulative='0.09523' docs='296' word-length='4.0000' coherence='-0.2526' uniform_dist='0.0430' corpus_dist='0.0114' token-doc-diff='0.0000' exclusivity='0.7460'>last</word>
<word rank='10' count='768' prob='0.00738' cumulative='0.10261' docs='350' word-length='4.0000' coherence='-0.0845' uniform_dist='0.0412' corpus_dist='0.0116' token-doc-diff='0.0005' exclusivity='0.9960'>died</word>
<word rank='11' count='756' prob='0.00726' cumulative='0.10987' docs='172' word-length='3.0000' coherence='-0.8015' uniform_dist='0.0404' corpus_dist='0.0104' token-doc-diff='0.0008' exclusivity='0.4965'>mrs</word>
<word rank='12' count='751' prob='0.00721' cumulative='0.11708' docs='287' word-length='4.0000' coherence='-0.2744' uniform_dist='0.0401' corpus_dist='0.0061' token-doc-diff='0.0001' exclusivity='0.3823'>made</word>
<word rank='13' count='746' prob='0.00717' cumulative='0.12425' docs='297' word-length='3.0000' coherence='-0.2411' uniform_dist='0.0398' corpus_dist='0.0065' token-doc-diff='0.0001' exclusivity='0.5038'>two</word>
<word rank='14' count='726' prob='0.00697' cumulative='0.13123' docs='295' word-length='5.0000' coherence='-0.2390' uniform_dist='0.0385' corpus_dist='0.0058' token-doc-diff='0.0002' exclusivity='0.4894'>later</word>
<word rank='15' count='596' prob='0.00573' cumulative='0.13695' docs='271' word-length='3.0000' coherence='-0.3347' uniform_dist='0.0305' corpus_dist='0.0067' token-doc-diff='0.0004' exclusivity='0.7465'>old</word>
<word rank='16' count='596' prob='0.00573' cumulative='0.14268' docs='350' word-length='4.0000' coherence='-0.0835' uniform_dist='0.0305' corpus_dist='0.0087' token-doc-diff='0.0017' exclusivity='0.8418'>born</word>
<word rank='17' count='589' prob='0.00566' cumulative='0.14833' docs='289' word-length='5.0000' coherence='-0.2839' uniform_dist='0.0301' corpus_dist='0.0063' token-doc-diff='0.0007' exclusivity='0.2487'>times</word>
<word rank='18' count='584' prob='0.00561' cumulative='0.15394' docs='254' word-length='4.0000' coherence='-0.4054' uniform_dist='0.0298' corpus_dist='0.0068' token-doc-diff='0.0003' exclusivity='0.5148'>home</word>
<word rank='19' count='565' prob='0.00543' cumulative='0.15937' docs='242' word-length='4.0000' coherence='-0.4462' uniform_dist='0.0286' corpus_dist='0.0020' token-doc-diff='0.0002' exclusivity='0.3819'>time</word>
<word rank='20' count='561' prob='0.00539' cumulative='0.16476' docs='254' word-length='5.0000' coherence='-0.3960' uniform_dist='0.0284' corpus_dist='0.0032' token-doc-diff='0.0004' exclusivity='0.1487'>world</word>
</topic>
<topic id='7' tokens='34659.0000' document_entropy='4.3850' word-length='6.7500' coherence='-173.3657' uniform_dist='3.4686' corpus_dist='1.8085' eff_num_words='378.7223' token-doc-diff='0.0130' rank_1_docs='0.0712' allocation_ratio='0.0068' allocation_count='0.0899' exclusivity='0.6645'>
<word rank='1' count='867' prob='0.02502' cumulative='0.02502' docs='131' word-length='9.0000' coherence='0.0000' uniform_dist='0.1702' corpus_dist='0.0529' token-doc-diff='0.0031' exclusivity='0.5810'>president</word>
<word rank='2' count='350' prob='0.01010' cumulative='0.03511' docs='62' word-length='5.0000' coherence='-1.0460' uniform_dist='0.0595' corpus_dist='0.0264' token-doc-diff='0.0006' exclusivity='0.9850'>court</word>
<word rank='3' count='332' prob='0.00958' cumulative='0.04469' docs='87' word-length='5.0000' coherence='-0.6554' uniform_dist='0.0560' corpus_dist='0.0186' token-doc-diff='0.0001' exclusivity='0.4303'>state</word>
<word rank='4' count='320' prob='0.00923' cumulative='0.05393' docs='59' word-length='9.0000' coherence='-1.0349' uniform_dist='0.0536' corpus_dist='0.0222' token-doc-diff='0.0004' exclusivity='0.7472'>roosevelt</word>
<word rank='5' count='282' prob='0.00814' cumulative='0.06206' docs='70' word-length='5.0000' coherence='-0.7805' uniform_dist='0.0462' corpus_dist='0.0140' token-doc-diff='0.0000' exclusivity='0.4333'>house</word>
<word rank='6' count='259' prob='0.00747' cumulative='0.06953' docs='46' word-length='7.0000' coherence='-1.2908' uniform_dist='0.0418' corpus_dist='0.0189' token-doc-diff='0.0004' exclusivity='0.8084'>justice</word>
<word rank='7' count='250' prob='0.00721' cumulative='0.07675' docs='76' word-length='3.0000' coherence='-0.7160' uniform_dist='0.0401' corpus_dist='0.0170' token-doc-diff='0.0004' exclusivity='0.7325'>law</word>
<word rank='8' count='246' prob='0.00710' cumulative='0.08385' docs='62' word-length='10.0000' coherence='-0.8858' uniform_dist='0.0393' corpus_dist='0.0187' token-doc-diff='0.0000' exclusivity='0.9495'>republican</word>
<word rank='9' count='237' prob='0.00684' cumulative='0.09068' docs='65' word-length='5.0000' coherence='-0.8674' uniform_dist='0.0376' corpus_dist='0.0109' token-doc-diff='0.0001' exclusivity='0.2333'>party</word>
<word rank='10' count='235' prob='0.00678' cumulative='0.09746' docs='71' word-length='9.0000' coherence='-0.7640' uniform_dist='0.0373' corpus_dist='0.0121' token-doc-diff='0.0004' exclusivity='0.3298'>political</word>
<word rank='11' count='233' prob='0.00672' cumulative='0.10419' docs='88' word-length='6.0000' coherence='-0.5845' uniform_dist='0.0369' corpus_dist='0.0074' token-doc-diff='0.0015' exclusivity='0.2043'>united</word>
<word rank='12' count='220' prob='0.00635' cumulative='0.11053' docs='60' word-length='7.0000' coherence='-0.8674' uniform_dist='0.0345' corpus_dist='0.0169' token-doc-diff='0.0001' exclusivity='0.9953'>senator</word>
<word rank='13' count='217' prob='0.00626' cumulative='0.11680' docs='56' word-length='8.0000' coherence='-1.1133' uniform_dist='0.0339' corpus_dist='0.0167' token-doc-diff='0.0000' exclusivity='0.9952'>governor</word>
<word rank='14' count='210' prob='0.00606' cumulative='0.12285' docs='78' word-length='6.0000' coherence='-0.6852' uniform_dist='0.0326' corpus_dist='0.0068' token-doc-diff='0.0013' exclusivity='0.2318'>states</word>
<word rank='15' count='200' prob='0.00577' cumulative='0.12862' docs='71' word-length='6.0000' coherence='-0.7477' uniform_dist='0.0308' corpus_dist='0.0112' token-doc-diff='0.0010' exclusivity='0.3710'>office</word>
<word rank='16' count='198' prob='0.00571' cumulative='0.13434' docs='55' word-length='10.0000' coherence='-0.9235' uniform_dist='0.0304' corpus_dist='0.0143' token-doc-diff='0.0001' exclusivity='0.7663'>democratic</word>
<word rank='17' count='197' prob='0.00568' cumulative='0.14002' docs='31' word-length='5.0000' coherence='-1.7715' uniform_dist='0.0302' corpus_dist='0.0146' token-doc-diff='0.0006' exclusivity='0.8347'>nixon</word>
<word rank='18' count='188' prob='0.00542' cumulative='0.14545' docs='25' word-length='6.0000' coherence='-2.0431' uniform_dist='0.0286' corpus_dist='0.0145' token-doc-diff='0.0011' exclusivity='0.9945'>hoover</word>
<word rank='19' count='186' prob='0.00537' cumulative='0.15081' docs='22' word-length='6.0000' coherence='-2.1080' uniform_dist='0.0282' corpus_dist='0.0143' token-doc-diff='0.0014' exclusivity='0.9944'>warren</word>
<word rank='20' count='186' prob='0.00537' cumulative='0.15618' docs='55' word-length='8.0000' coherence='-1.0245' uniform_dist='0.0282' corpus_dist='0.0130' token-doc-diff='0.0003' exclusivity='0.6730'>election</word>
</topic>
<topic id='8' tokens='18113.0000' document_entropy='3.5416' word-length='6.9000' coherence='-175.3477' uniform_dist='3.4079' corpus_dist='2.3258' eff_num_words='299.0630' token-doc-diff='0.0529' rank_1_docs='0.0544' allocation_ratio='0.0000' allocation_count='0.0544' exclusivity='0.7759'>
<word rank='1' count='557' prob='0.03075' cumulative='0.03075' docs='72' word-length='6.0000' coherence='0.0000' uniform_dist='0.2155' corpus_dist='0.1016' token-doc-diff='0.0010' exclusivity='0.9889'>soviet</word>
<word rank='2' count='286' prob='0.01579' cumulative='0.04654' docs='7' word-length='3.0000' coherence='-2.3253' uniform_dist='0.1001' corpus_dist='0.0523' token-doc-diff='0.0139' exclusivity='0.9981'>mao</word>
<word rank='3' count='286' prob='0.01579' cumulative='0.06233' docs='43' word-length='5.0000' coherence='-0.6926' uniform_dist='0.1001' corpus_dist='0.0385' token-doc-diff='0.0001' exclusivity='0.5189'>party</word>
<word rank='4' count='250' prob='0.01380' cumulative='0.07613' docs='29' word-length='5.0000' coherence='-1.2307' uniform_dist='0.0857' corpus_dist='0.0445' token-doc-diff='0.0009' exclusivity='0.9669'>china</word>
<word rank='5' count='222' prob='0.01226' cumulative='0.08839' docs='44' word-length='9.0000' coherence='-0.6652' uniform_dist='0.0746' corpus_dist='0.0375' token-doc-diff='0.0003' exclusivity='0.8129'>communist</word>
<word rank='6' count='197' prob='0.01088' cumulative='0.09927' docs='51' word-length='5.0000' coherence='-0.4921' uniform_dist='0.0649' corpus_dist='0.0276' token-doc-diff='0.0018' exclusivity='0.5217'>union</word>
<word rank='7' count='172' prob='0.00950' cumulative='0.10876' docs='26' word-length='6.0000' coherence='-1.0974' uniform_dist='0.0554' corpus_dist='0.0315' token-doc-diff='0.0000' exclusivity='0.9968'>stalin</word>
<word rank='8' count='167' prob='0.00922' cumulative='0.11798' docs='19' word-length='7.0000' coherence='-1.5664' uniform_dist='0.0535' corpus_dist='0.0299' token-doc-diff='0.0006' exclusivity='0.9453'>chinese</word>
<word rank='9' count='164' prob='0.00905' cumulative='0.12704' docs='1' word-length='4.0000' coherence='-4.2359' uniform_dist='0.0524' corpus_dist='0.0300' token-doc-diff='0.0126' exclusivity='0.9967'>deng</word>
<word rank='10' count='163' prob='0.00900' cumulative='0.13603' docs='40' word-length='6.0000' coherence='-0.6926' uniform_dist='0.0520' corpus_dist='0.0295' token-doc-diff='0.0011' exclusivity='0.9703'>moscow</word>
<word rank='11' count='152' prob='0.00839' cumulative='0.14443' docs='10' word-length='6.0000' coherence='-2.0753' uniform_dist='0.0479' corpus_dist='0.0278' token-doc-diff='0.0028' exclusivity='0.9964'>chiang</word>
<word rank='12' count='142' prob='0.00784' cumulative='0.15227' docs='14' word-length='10.0000' coherence='-1.7091' uniform_dist='0.0442' corpus_dist='0.0259' token-doc-diff='0.0010' exclusivity='0.9877'>khrushchev</word>
<word rank='13' count='132' prob='0.00729' cumulative='0.15955' docs='40' word-length='9.0000' coherence='-0.7795' uniform_dist='0.0406' corpus_dist='0.0135' token-doc-diff='0.0023' exclusivity='0.3414'>political</word>
<word rank='14' count='127' prob='0.00701' cumulative='0.16657' docs='31' word-length='10.0000' coherence='-0.9799' uniform_dist='0.0388' corpus_dist='0.0231' token-doc-diff='0.0008' exclusivity='0.9771'>communists</word>
<word rank='15' count='122' prob='0.00674' cumulative='0.17330' docs='38' word-length='8.0000' coherence='-0.9085' uniform_dist='0.0370' corpus_dist='0.0187' token-doc-diff='0.0024' exclusivity='0.6378'>economic</word>
<word rank='16' count='114' prob='0.00629' cumulative='0.17959' docs='30' word-length='10.0000' coherence='-1.0974' uniform_dist='0.0341' corpus_dist='0.0189' token-doc-diff='0.0011' exclusivity='0.8213'>revolution</word>
<word rank='17' count='102' prob='0.00563' cumulative='0.18523' docs='37' word-length='8.0000' coherence='-0.9085' uniform_dist='0.0299' corpus_dist='0.0116' token-doc-diff='0.0033' exclusivity='0.3251'>military</word>
<word rank='18' count='95' prob='0.00524' cumulative='0.19047' docs='30' word-length='6.0000' coherence='-1.0567' uniform_dist='0.0275' corpus_dist='0.0107' token-doc-diff='0.0019' exclusivity='0.3462'>leader</word>
<word rank='19' count='92' prob='0.00508' cumulative='0.19555' docs='4' word-length='8.0000' coherence='-3.2061' uniform_dist='0.0265' corpus_dist='0.0168' token-doc-diff='0.0029' exclusivity='0.9941'>brezhnev</word>
<word rank='20' count='92' prob='0.00508' cumulative='0.20063' docs='30' word-length='7.0000' coherence='-1.0567' uniform_dist='0.0265' corpus_dist='0.0111' token-doc-diff='0.0021' exclusivity='0.3752'>foreign</word>
</topic>
<topic id='9' tokens='18553.0000' document_entropy='3.3838' word-length='5.8000' coherence='-221.6283' uniform_dist='3.4246' corpus_dist='2.2884' eff_num_words='410.6637' token-doc-diff='0.0204' rank_1_docs='0.0503' allocation_ratio='0.0000' allocation_count='0.0755' exclusivity='0.6907'>
<word rank='1' count='246' prob='0.01326' cumulative='0.01326' docs='20' word-length='6.0000' coherence='0.0000' uniform_dist='0.0818' corpus_dist='0.0417' token-doc-diff='0.0042' exclusivity='0.8815'>hitler</word>
<word rank='2' count='231' prob='0.01245' cumulative='0.02571' docs='26' word-length='6.0000' coherence='-1.1991' uniform_dist='0.0760' corpus_dist='0.0408' token-doc-diff='0.0016' exclusivity='0.9881'>israel</word>
<word rank='3' count='219' prob='0.01180' cumulative='0.03751' docs='29' word-length='4.0000' coherence='-1.3078' uniform_dist='0.0714' corpus_dist='0.0316' token-doc-diff='0.0007' exclusivity='0.4732'>king</word>
<word rank='4' count='213' prob='0.01148' cumulative='0.04899' docs='41' word-length='8.0000' coherence='-0.8580' uniform_dist='0.0692' corpus_dist='0.0344' token-doc-diff='0.0000' exclusivity='0.7988'>minister</word>
<word rank='5' count='204' prob='0.01100' cumulative='0.05999' docs='46' word-length='10.0000' coherence='-0.6915' uniform_dist='0.0658' corpus_dist='0.0245' token-doc-diff='0.0005' exclusivity='0.4003'>government</word>
<word rank='6' count='179' prob='0.00965' cumulative='0.06964' docs='39' word-length='3.0000' coherence='-0.7713' uniform_dist='0.0564' corpus_dist='0.0114' token-doc-diff='0.0003' exclusivity='0.1944'>war</word>
<word rank='7' count='172' prob='0.00927' cumulative='0.07891' docs='9' word-length='6.0000' coherence='-2.7170' uniform_dist='0.0539' corpus_dist='0.0305' token-doc-diff='0.0057' exclusivity='0.9968'>gandhi</word>
<word rank='8' count='172' prob='0.00927' cumulative='0.08818' docs='35' word-length='5.0000' coherence='-0.8580' uniform_dist='0.0539' corpus_dist='0.0232' token-doc-diff='0.0001' exclusivity='0.4813'>peace</word>
<word rank='9' count='167' prob='0.00900' cumulative='0.09718' docs='31' word-length='7.0000' coherence='-1.0893' uniform_dist='0.0520' corpus_dist='0.0237' token-doc-diff='0.0000' exclusivity='0.5289'>british</word>
<word rank='10' count='145' prob='0.00782' cumulative='0.10500' docs='21' word-length='5.0000' coherence='-3.2184' uniform_dist='0.0441' corpus_dist='0.0244' token-doc-diff='0.0003' exclusivity='0.8635'>queen</word>
<word rank='11' count='145' prob='0.00782' cumulative='0.11281' docs='31' word-length='5.0000' coherence='-0.9131' uniform_dist='0.0441' corpus_dist='0.0244' token-doc-diff='0.0002' exclusivity='0.9282'>prime</word>
<word rank='12' count='138' prob='0.00744' cumulative='0.12025' docs='27' word-length='6.0000' coherence='-2.2838' uniform_dist='0.0416' corpus_dist='0.0238' token-doc-diff='0.0000' exclusivity='0.9086'>prince</word>
<word rank='13' count='129' prob='0.00695' cumulative='0.12720' docs='18' word-length='5.0000' coherence='-2.2838' uniform_dist='0.0384' corpus_dist='0.0221' token-doc-diff='0.0003' exclusivity='0.9750'>india</word>
<word rank='14' count='129' prob='0.00695' cumulative='0.13416' docs='32' word-length='5.0000' coherence='-1.3455' uniform_dist='0.0384' corpus_dist='0.0112' token-doc-diff='0.0006' exclusivity='0.2290'>party</word>
<word rank='15' count='117' prob='0.00631' cumulative='0.14046' docs='23' word-length='4.0000' coherence='-5.3667' uniform_dist='0.0342' corpus_dist='0.0208' token-doc-diff='0.0000' exclusivity='0.9952'>arab</word>
<word rank='16' count='106' prob='0.00571' cumulative='0.14618' docs='16' word-length='7.0000' coherence='-5.3667' uniform_dist='0.0304' corpus_dist='0.0188' token-doc-diff='0.0001' exclusivity='0.9948'>israeli</word>
<word rank='17' count='104' prob='0.00561' cumulative='0.15178' docs='34' word-length='7.0000' coherence='-1.3455' uniform_dist='0.0297' corpus_dist='0.0136' token-doc-diff='0.0020' exclusivity='0.4186'>germany</word>
<word rank='18' count='96' prob='0.00517' cumulative='0.15696' docs='25' word-length='5.0000' coherence='-1.6497' uniform_dist='0.0270' corpus_dist='0.0170' token-doc-diff='0.0006' exclusivity='0.9855'>egypt</word>
<word rank='19' count='96' prob='0.00517' cumulative='0.16213' docs='35' word-length='5.0000' coherence='-1.0893' uniform_dist='0.0270' corpus_dist='0.0068' token-doc-diff='0.0027' exclusivity='0.2243'>state</word>
<word rank='20' count='92' prob='0.00496' cumulative='0.16709' docs='21' word-length='7.0000' coherence='-2.7339' uniform_dist='0.0257' corpus_dist='0.0116' token-doc-diff='0.0002' exclusivity='0.5483'>england</word>
</topic>
<topic id='10' tokens='12497.0000' document_entropy='4.3330' word-length='5.5500' coherence='-307.4282' uniform_dist='3.5180' corpus_dist='2.6254' eff_num_words='343.1053' token-doc-diff='0.0236' rank_1_docs='0.0340' allocation_ratio='0.0000' allocation_count='0.0291' exclusivity='0.6028'>
<word rank='1' count='259' prob='0.02072' cumulative='0.02072' docs='52' word-length='5.0000' coherence='0.0000' uniform_dist='0.1371' corpus_dist='0.0657' token-doc-diff='0.0019' exclusivity='0.8023'>black</word>
<word rank='2' count='239' prob='0.01912' cumulative='0.03985' docs='38' word-length='4.0000' coherence='-1.7502' uniform_dist='0.1250' corpus_dist='0.0418' token-doc-diff='0.0040' exclusivity='0.3414'>miss</word>
<word rank='3' count='169' prob='0.01352' cumulative='0.05337' docs='56' word-length='5.0000' coherence='-1.2412' uniform_dist='0.0837' corpus_dist='0.0395' token-doc-diff='0.0001' exclusivity='0.8136'>women</word>
<word rank='4' count='145' prob='0.01160' cumulative='0.06498' docs='45' word-length='5.0000' coherence='-1.1503' uniform_dist='0.0700' corpus_dist='0.0280' token-doc-diff='0.0000' exclusivity='0.6731'>white</word>
<word rank='5' count='137' prob='0.01096' cumulative='0.07594' docs='33' word-length='5.0000' coherence='-1.6868' uniform_dist='0.0655' corpus_dist='0.0388' token-doc-diff='0.0003' exclusivity='0.9398'>negro</word>
<word rank='6' count='137' prob='0.01096' cumulative='0.08690' docs='25' word-length='4.0000' coherence='-2.9135' uniform_dist='0.0655' corpus_dist='0.0285' token-doc-diff='0.0015' exclusivity='0.4240'>king</word>
<word rank='7' count='134' prob='0.01072' cumulative='0.09762' docs='57' word-length='4.0000' coherence='-0.9138' uniform_dist='0.0639' corpus_dist='0.0078' token-doc-diff='0.0011' exclusivity='0.2618'>said</word>
<word rank='8' count='112' prob='0.00896' cumulative='0.10659' docs='39' word-length='6.0000' coherence='-1.1904' uniform_dist='0.0518' corpus_dist='0.0257' token-doc-diff='0.0002' exclusivity='0.6242'>rights</word>
<word rank='9' count='108' prob='0.00864' cumulative='0.11523' docs='25' word-length='7.0000' coherence='-2.4083' uniform_dist='0.0496' corpus_dist='0.0237' token-doc-diff='0.0004' exclusivity='0.5962'>kennedy</word>
<word rank='10' count='84' prob='0.00672' cumulative='0.12195' docs='35' word-length='5.0000' coherence='-1.6027' uniform_dist='0.0369' corpus_dist='0.0162' token-doc-diff='0.0006' exclusivity='0.4992'>woman</word>
<word rank='11' count='76' prob='0.00608' cumulative='0.12803' docs='29' word-length='5.0000' coherence='-1.3840' uniform_dist='0.0328' corpus_dist='0.0143' token-doc-diff='0.0003' exclusivity='0.5159'>civil</word>
<word rank='12' count='72' prob='0.00576' cumulative='0.13379' docs='24' word-length='3.0000' coherence='-1.6244' uniform_dist='0.0307' corpus_dist='0.0069' token-doc-diff='0.0001' exclusivity='0.3565'>mrs</word>
<word rank='13' count='70' prob='0.00560' cumulative='0.13939' docs='32' word-length='10.0000' coherence='-1.3840' uniform_dist='0.0297' corpus_dist='0.0104' token-doc-diff='0.0009' exclusivity='0.3468'>washington</word>
<word rank='14' count='69' prob='0.00552' cumulative='0.14491' docs='32' word-length='8.0000' coherence='-1.6027' uniform_dist='0.0292' corpus_dist='0.0141' token-doc-diff='0.0009' exclusivity='0.4344'>movement</word>
<word rank='15' count='65' prob='0.00520' cumulative='0.15012' docs='30' word-length='6.0000' coherence='-1.4218' uniform_dist='0.0272' corpus_dist='0.0060' token-doc-diff='0.0009' exclusivity='0.3754'>people</word>
<word rank='16' count='64' prob='0.00512' cumulative='0.15524' docs='2' word-length='5.0000' coherence='-7.1168' uniform_dist='0.0267' corpus_dist='0.0189' token-doc-diff='0.0062' exclusivity='0.9941'>spock</word>
<word rank='17' count='62' prob='0.00496' cumulative='0.16020' docs='12' word-length='7.0000' coherence='-3.8788' uniform_dist='0.0257' corpus_dist='0.0173' token-doc-diff='0.0005' exclusivity='0.8747'>jackson</word>
<word rank='18' count='60' prob='0.00480' cumulative='0.16500' docs='32' word-length='4.0000' coherence='-3.8788' uniform_dist='0.0247' corpus_dist='0.0139' token-doc-diff='0.0015' exclusivity='0.7568'>race</word>
<word rank='19' count='60' prob='0.00480' cumulative='0.16980' docs='35' word-length='6.0000' coherence='-1.8238' uniform_dist='0.0247' corpus_dist='0.0100' token-doc-diff='0.0021' exclusivity='0.4920'>social</word>
<word rank='20' count='59' prob='0.00472' cumulative='0.17452' docs='20' word-length='7.0000' coherence='-3.8788' uniform_dist='0.0242' corpus_dist='0.0167' token-doc-diff='0.0001' exclusivity='0.9328'>negroes</word>
</topic>
<topic id='11' tokens='17330.0000' document_entropy='3.9644' word-length='5.9000' coherence='-438.6744' uniform_dist='3.3802' corpus_dist='2.3128' eff_num_words='431.2827' token-doc-diff='0.0420' rank_1_docs='0.0294' allocation_ratio='0.0000' allocation_count='0.0546' exclusivity='0.7433'>
<word rank='1' count='268' prob='0.01546' cumulative='0.01546' docs='64' word-length='7.0000' coherence='0.0000' uniform_dist='0.0978' corpus_dist='0.0446' token-doc-diff='0.0000' exclusivity='0.7860'>company</word>
<word rank='2' count='265' prob='0.01529' cumulative='0.03076' docs='77' word-length='8.0000' coherence='-0.5475' uniform_dist='0.0965' corpus_dist='0.0444' token-doc-diff='0.0008' exclusivity='0.7865'>business</word>
<word rank='3' count='253' prob='0.01460' cumulative='0.04535' docs='76' word-length='5.0000' coherence='-0.6618' uniform_dist='0.0914' corpus_dist='0.0301' token-doc-diff='0.0010' exclusivity='0.5986'>times</word>
<word rank='4' count='155' prob='0.00894' cumulative='0.05430' docs='31' word-length='3.0000' coherence='-1.8527' uniform_dist='0.0516' corpus_dist='0.0293' token-doc-diff='0.0001' exclusivity='0.9239'>oil</word>
<word rank='5' count='152' prob='0.00877' cumulative='0.06307' docs='23' word-length='4.0000' coherence='-2.1424' uniform_dist='0.0505' corpus_dist='0.0284' token-doc-diff='0.0009' exclusivity='0.8842'>ford</word>
<word rank='6' count='150' prob='0.00866' cumulative='0.07173' docs='2' word-length='4.0000' coherence='-6.6001' uniform_dist='0.0497' corpus_dist='0.0291' token-doc-diff='0.0139' exclusivity='0.9965'>ochs</word>
<word rank='7' count='150' prob='0.00866' cumulative='0.08038' docs='30' word-length='5.0000' coherence='-1.5195' uniform_dist='0.0497' corpus_dist='0.0256' token-doc-diff='0.0001' exclusivity='0.8651'>paper</word>
<word rank='8' count='135' prob='0.00779' cumulative='0.08817' docs='35' word-length='4.0000' coherence='-1.7405' uniform_dist='0.0439' corpus_dist='0.0219' token-doc-diff='0.0001' exclusivity='0.7722'>news</word>
<word rank='9' count='131' prob='0.00756' cumulative='0.09573' docs='16' word-length='11.0000' coherence='-3.8788' uniform_dist='0.0424' corpus_dist='0.0250' token-doc-diff='0.0017' exclusivity='0.9372'>rockefeller</word>
<word rank='10' count='126' prob='0.00727' cumulative='0.10300' docs='53' word-length='4.0000' coherence='-1.2007' uniform_dist='0.0405' corpus_dist='0.0077' token-doc-diff='0.0030' exclusivity='0.2944'>york</word>
<word rank='11' count='122' prob='0.00704' cumulative='0.11004' docs='29' word-length='9.0000' coherence='-2.0612' uniform_dist='0.0390' corpus_dist='0.0212' token-doc-diff='0.0000' exclusivity='0.8740'>newspaper</word>
<word rank='12' count='119' prob='0.00687' cumulative='0.11691' docs='14' word-length='8.0000' coherence='-3.3940' uniform_dist='0.0378' corpus_dist='0.0212' token-doc-diff='0.0017' exclusivity='0.7651'>pulitzer</word>
<word rank='13' count='113' prob='0.00652' cumulative='0.12343' docs='45' word-length='3.0000' coherence='-1.2453' uniform_dist='0.0356' corpus_dist='0.0021' token-doc-diff='0.0021' exclusivity='0.1873'>new</word>
<word rank='14' count='102' prob='0.00589' cumulative='0.12931' docs='20' word-length='4.0000' coherence='-3.8788' uniform_dist='0.0315' corpus_dist='0.0180' token-doc-diff='0.0001' exclusivity='0.8109'>hill</word>
<word rank='15' count='99' prob='0.00571' cumulative='0.13503' docs='11' word-length='8.0000' coherence='-6.5335' uniform_dist='0.0304' corpus_dist='0.0173' token-doc-diff='0.0016' exclusivity='0.6966'>carnegie</word>
<word rank='16' count='86' prob='0.00496' cumulative='0.13999' docs='36' word-length='5.0000' coherence='-2.0612' uniform_dist='0.0257' corpus_dist='0.0025' token-doc-diff='0.0020' exclusivity='0.1277'>world</word>
<word rank='17' count='79' prob='0.00456' cumulative='0.14455' docs='39' word-length='5.0000' coherence='-2.7339' uniform_dist='0.0232' corpus_dist='0.0098' token-doc-diff='0.0032' exclusivity='0.6187'>money</word>
<word rank='18' count='78' prob='0.00450' cumulative='0.14905' docs='2' word-length='5.0000' coherence='-6.9724' uniform_dist='0.0229' corpus_dist='0.0151' token-doc-diff='0.0058' exclusivity='0.9934'>getty</word>
<word rank='19' count='77' prob='0.00444' cumulative='0.15349' docs='4' word-length='6.0000' coherence='-6.5674' uniform_dist='0.0225' corpus_dist='0.0149' token-doc-diff='0.0037' exclusivity='0.9933'>barnum</word>
<word rank='20' count='74' prob='0.00427' cumulative='0.15776' docs='15' word-length='10.0000' coherence='-5.9400' uniform_dist='0.0215' corpus_dist='0.0142' token-doc-diff='0.0000' exclusivity='0.9550'>journalism</word>
</topic>
<topic id='12' tokens='11957.0000' document_entropy='3.9742' word-length='6.1000' coherence='-382.0414' uniform_dist='3.2811' corpus_dist='2.7759' eff_num_words='416.9469' token-doc-diff='0.0606' rank_1_docs='0.0294' allocation_ratio='0.0000' allocation_count='0.0588' exclusivity='0.7175'>
<word rank='1' count='232' prob='0.01940' cumulative='0.01940' docs='59' word-length='3.0000' coherence='0.0000' uniform_dist='0.1271' corpus_dist='0.0661' token-doc-diff='0.0000' exclusivity='0.9212'>art</word>
<word rank='2' count='156' prob='0.01305' cumulative='0.03245' docs='7' word-length='5.0000' coherence='-3.3642' uniform_dist='0.0803' corpus_dist='0.0484' token-doc-diff='0.0129' exclusivity='0.9868'>moses</word>
<word rank='3' count='154' prob='0.01288' cumulative='0.04533' docs='48' word-length='5.0000' coherence='-1.2379' uniform_dist='0.0791' corpus_dist='0.0389' token-doc-diff='0.0004' exclusivity='0.7161'>paris</word>
<word rank='4' count='148' prob='0.01238' cumulative='0.05771' docs='55' word-length='4.0000' coherence='-0.8393' uniform_dist='0.0755' corpus_dist='0.0217' token-doc-diff='0.0016' exclusivity='0.3357'>work</word>
<word rank='5' count='147' prob='0.01229' cumulative='0.07000' docs='25' word-length='4.0000' coherence='-5.1167' uniform_dist='0.0749' corpus_dist='0.0215' token-doc-diff='0.0013' exclusivity='0.2184'>miss</word>
<word rank='6' count='141' prob='0.01179' cumulative='0.08179' docs='7' word-length='7.0000' coherence='-5.1167' uniform_dist='0.0713' corpus_dist='0.0440' token-doc-diff='0.0109' exclusivity='0.9974'>picasso</word>
<word rank='7' count='98' prob='0.00820' cumulative='0.08999' docs='36' word-length='6.0000' coherence='-1.2379' uniform_dist='0.0466' corpus_dist='0.0266' token-doc-diff='0.0010' exclusivity='0.7180'>artist</word>
<word rank='8' count='83' prob='0.00694' cumulative='0.09693' docs='39' word-length='5.0000' coherence='-1.9106' uniform_dist='0.0383' corpus_dist='0.0059' token-doc-diff='0.0027' exclusivity='0.1724'>world</word>
<word rank='9' count='81' prob='0.00677' cumulative='0.10370' docs='2' word-length='6.0000' coherence='-7.2430' uniform_dist='0.0372' corpus_dist='0.0253' token-doc-diff='0.0091' exclusivity='0.9956'>keller</word>
<word rank='10' count='75' prob='0.00627' cumulative='0.10998' docs='24' word-length='8.0000' coherence='-3.8788' uniform_dist='0.0340' corpus_dist='0.0229' token-doc-diff='0.0003' exclusivity='0.9434'>painting</word>
<word rank='11' count='72' prob='0.00602' cumulative='0.11600' docs='2' word-length='10.0000' coherence='-6.3853' uniform_dist='0.0324' corpus_dist='0.0225' token-doc-diff='0.0077' exclusivity='0.9950'>schweitzer</word>
<word rank='12' count='69' prob='0.00577' cumulative='0.12177' docs='6' word-length='6.0000' coherence='-3.8788' uniform_dist='0.0308' corpus_dist='0.0209' token-doc-diff='0.0030' exclusivity='0.9169'>graham</word>
<word rank='13' count='69' prob='0.00577' cumulative='0.12754' docs='34' word-length='6.0000' coherence='-3.8788' uniform_dist='0.0308' corpus_dist='0.0143' token-doc-diff='0.0027' exclusivity='0.5982'>modern</word>
<word rank='14' count='64' prob='0.00535' cumulative='0.13289' docs='11' word-length='6.0000' coherence='-5.1167' uniform_dist='0.0282' corpus_dist='0.0193' token-doc-diff='0.0005' exclusivity='0.9169'>wright</word>
<word rank='15' count='61' prob='0.00510' cumulative='0.13799' docs='23' word-length='6.0000' coherence='-2.0672' uniform_dist='0.0266' corpus_dist='0.0109' token-doc-diff='0.0007' exclusivity='0.3487'>german</word>
<word rank='16' count='58' prob='0.00485' cumulative='0.14285' docs='26' word-length='6.0000' coherence='-3.8788' uniform_dist='0.0250' corpus_dist='0.0165' token-doc-diff='0.0016' exclusivity='0.7823'>museum</word>
<word rank='17' count='56' prob='0.00468' cumulative='0.14753' docs='21' word-length='7.0000' coherence='-5.5665' uniform_dist='0.0240' corpus_dist='0.0173' token-doc-diff='0.0006' exclusivity='0.9742'>painter</word>
<word rank='18' count='55' prob='0.00460' cumulative='0.15213' docs='24' word-length='5.0000' coherence='-3.8788' uniform_dist='0.0235' corpus_dist='0.0099' token-doc-diff='0.0013' exclusivity='0.2593'>works</word>
<word rank='19' count='54' prob='0.00452' cumulative='0.15664' docs='18' word-length='8.0000' coherence='-4.9635' uniform_dist='0.0230' corpus_dist='0.0127' token-doc-diff='0.0003' exclusivity='0.5992'>pictures</word>
<word rank='20' count='53' prob='0.00443' cumulative='0.16108' docs='25' word-length='9.0000' coherence='-3.8788' uniform_dist='0.0225' corpus_dist='0.0162' token-doc-diff='0.0018' exclusivity='0.9532'>paintings</word>
</topic>
<topic id='13' tokens='17844.0000' document_entropy='4.6786' word-length='5.7000' coherence='-210.1773' uniform_dist='3.3295' corpus_dist='2.4200' eff_num_words='374.4949' token-doc-diff='0.0100' rank_1_docs='0.0581' allocation_ratio='0.0000' allocation_count='0.0913' exclusivity='0.7501'>
<word rank='1' count='365' prob='0.02046' cumulative='0.02046' docs='111' word-length='4.0000' coherence='0.0000' uniform_dist='0.1350' corpus_dist='0.0589' token-doc-diff='0.0011' exclusivity='0.8810'>book</word>
<word rank='2' count='257' prob='0.01440' cumulative='0.03486' docs='106' word-length='5.0000' coherence='-0.3656' uniform_dist='0.0900' corpus_dist='0.0304' token-doc-diff='0.0000' exclusivity='0.6322'>wrote</word>
<word rank='3' count='235' prob='0.01317' cumulative='0.04803' docs='98' word-length='9.0000' coherence='-0.4585' uniform_dist='0.0811' corpus_dist='0.0356' token-doc-diff='0.0000' exclusivity='0.6542'>published</word>
<word rank='4' count='213' prob='0.01194' cumulative='0.05996' docs='88' word-length='7.0000' coherence='-0.4898' uniform_dist='0.0724' corpus_dist='0.0357' token-doc-diff='0.0000' exclusivity='0.9301'>writing</word>
<word rank='5' count='179' prob='0.01003' cumulative='0.07000' docs='60' word-length='5.0000' coherence='-0.8589' uniform_dist='0.0591' corpus_dist='0.0330' token-doc-diff='0.0003' exclusivity='0.9706'>novel</word>
<word rank='6' count='175' prob='0.00981' cumulative='0.07980' docs='81' word-length='6.0000' coherence='-0.6317' uniform_dist='0.0575' corpus_dist='0.0294' token-doc-diff='0.0001' exclusivity='0.8694'>writer</word>
<word rank='7' count='168' prob='0.00941' cumulative='0.08922' docs='67' word-length='5.0000' coherence='-0.7579' uniform_dist='0.0548' corpus_dist='0.0252' token-doc-diff='0.0000' exclusivity='0.7473'>books</word>
<word rank='8' count='154' prob='0.00863' cumulative='0.09785' docs='67' word-length='5.0000' coherence='-0.7918' uniform_dist='0.0495' corpus_dist='0.0217' token-doc-diff='0.0000' exclusivity='0.6179'>story</word>
<word rank='9' count='138' prob='0.00773' cumulative='0.10558' docs='61' word-length='6.0000' coherence='-0.8589' uniform_dist='0.0435' corpus_dist='0.0217' token-doc-diff='0.0000' exclusivity='0.7679'>author</word>
<word rank='10' count='133' prob='0.00745' cumulative='0.11304' docs='56' word-length='7.0000' coherence='-1.0453' uniform_dist='0.0417' corpus_dist='0.0234' token-doc-diff='0.0000' exclusivity='0.8991'>stories</word>
<word rank='11' count='130' prob='0.00729' cumulative='0.12032' docs='61' word-length='8.0000' coherence='-0.8562' uniform_dist='0.0406' corpus_dist='0.0239' token-doc-diff='0.0001' exclusivity='0.9536'>literary</word>
<word rank='12' count='126' prob='0.00706' cumulative='0.12738' docs='66' word-length='4.0000' coherence='-0.7388' uniform_dist='0.0391' corpus_dist='0.0061' token-doc-diff='0.0003' exclusivity='0.3166'>life</word>
<word rank='13' count='122' prob='0.00684' cumulative='0.13422' docs='61' word-length='4.0000' coherence='-0.9248' uniform_dist='0.0376' corpus_dist='0.0079' token-doc-diff='0.0002' exclusivity='0.1926'>work</word>
<word rank='14' count='121' prob='0.00678' cumulative='0.14100' docs='51' word-length='8.0000' coherence='-1.0712' uniform_dist='0.0373' corpus_dist='0.0193' token-doc-diff='0.0000' exclusivity='0.8921'>magazine</word>
<word rank='15' count='113' prob='0.00633' cumulative='0.14733' docs='60' word-length='5.0000' coherence='-0.8172' uniform_dist='0.0344' corpus_dist='0.0177' token-doc-diff='0.0003' exclusivity='0.7280'>write</word>
<word rank='16' count='112' prob='0.00628' cumulative='0.15361' docs='38' word-length='4.0000' coherence='-1.7169' uniform_dist='0.0340' corpus_dist='0.0208' token-doc-diff='0.0002' exclusivity='0.9777'>poet</word>
<word rank='17' count='96' prob='0.00538' cumulative='0.15899' docs='4' word-length='4.0000' coherence='-6.8035' uniform_dist='0.0283' corpus_dist='0.0176' token-doc-diff='0.0066' exclusivity='0.9461'>luce</word>
<word rank='18' count='94' prob='0.00527' cumulative='0.16426' docs='51' word-length='5.0000' coherence='-4.5616' uniform_dist='0.0276' corpus_dist='0.0120' token-doc-diff='0.0003' exclusivity='0.6832'>short</word>
<word rank='19' count='92' prob='0.00516' cumulative='0.16941' docs='48' word-length='7.0000' coherence='-1.2370' uniform_dist='0.0269' corpus_dist='0.0155' token-doc-diff='0.0002' exclusivity='0.8716'>writers</word>
<word rank='20' count='92' prob='0.00516' cumulative='0.17457' docs='46' word-length='6.0000' coherence='-1.3971' uniform_dist='0.0269' corpus_dist='0.0134' token-doc-diff='0.0002' exclusivity='0.4716'>editor</word>
</topic>
<topic id='14' tokens='14424.0000' document_entropy='4.2096' word-length='7.1000' coherence='-371.0226' uniform_dist='3.2167' corpus_dist='2.5472' eff_num_words='587.0966' token-doc-diff='0.0412' rank_1_docs='0.0942' allocation_ratio='0.0353' allocation_count='0.1466' exclusivity='0.7420'>
<word rank='1' count='173' prob='0.01199' cumulative='0.01199' docs='64' word-length='10.0000' coherence='0.0000' uniform_dist='0.0728' corpus_dist='0.0293' token-doc-diff='0.0003' exclusivity='0.6312'>university</word>
<word rank='2' count='152' prob='0.01054' cumulative='0.02253' docs='50' word-length='9.0000' coherence='-0.6925' uniform_dist='0.0626' corpus_dist='0.0333' token-doc-diff='0.0000' exclusivity='0.9029'>professor</word>
<word rank='3' count='134' prob='0.00929' cumulative='0.03182' docs='44' word-length='8.0000' coherence='-0.7755' uniform_dist='0.0540' corpus_dist='0.0311' token-doc-diff='0.0000' exclusivity='0.9653'>research</word>
<word rank='4' count='132' prob='0.00915' cumulative='0.04097' docs='49' word-length='7.0000' coherence='-0.7755' uniform_dist='0.0530' corpus_dist='0.0317' token-doc-diff='0.0002' exclusivity='0.9464'>science</word>
<word rank='5' count='105' prob='0.00728' cumulative='0.04825' docs='40' word-length='10.0000' coherence='-0.9150' uniform_dist='0.0405' corpus_dist='0.0240' token-doc-diff='0.0003' exclusivity='0.8218'>scientific</word>
<word rank='6' count='93' prob='0.00645' cumulative='0.05470' docs='38' word-length='9.0000' coherence='-0.9460' uniform_dist='0.0351' corpus_dist='0.0182' token-doc-diff='0.0005' exclusivity='0.7056'>institute</word>
<word rank='7' count='88' prob='0.00610' cumulative='0.06080' docs='3' word-length='11.0000' coherence='-3.4455' uniform_dist='0.0329' corpus_dist='0.0216' token-doc-diff='0.0103' exclusivity='0.9951'>oppenheimer</word>
<word rank='8' count='84' prob='0.00582' cumulative='0.06663' docs='2' word-length='6.0000' coherence='-7.0574' uniform_dist='0.0311' corpus_dist='0.0206' token-doc-diff='0.0113' exclusivity='0.9948'>murrow</word>
<word rank='9' count='83' prob='0.00575' cumulative='0.07238' docs='19' word-length='6.0000' coherence='-1.8399' uniform_dist='0.0307' corpus_dist='0.0186' token-doc-diff='0.0005' exclusivity='0.7982'>atomic</word>
<word rank='10' count='77' prob='0.00534' cumulative='0.07772' docs='38' word-length='4.0000' coherence='-0.9662' uniform_dist='0.0281' corpus_dist='0.0049' token-doc-diff='0.0013' exclusivity='0.1476'>work</word>
<word rank='11' count='72' prob='0.00499' cumulative='0.08271' docs='37' word-length='7.0000' coherence='-3.8788' uniform_dist='0.0259' corpus_dist='0.0112' token-doc-diff='0.0015' exclusivity='0.6977'>society</word>
<word rank='12' count='68' prob='0.00471' cumulative='0.08742' docs='35' word-length='5.0000' coherence='-3.8788' uniform_dist='0.0242' corpus_dist='0.0115' token-doc-diff='0.0014' exclusivity='0.7606'>human</word>
<word rank='13' count='67' prob='0.00465' cumulative='0.09207' docs='23' word-length='6.0000' coherence='-3.8788' uniform_dist='0.0238' corpus_dist='0.0151' token-doc-diff='0.0000' exclusivity='0.8617'>theory</word>
<word rank='14' count='67' prob='0.00465' cumulative='0.09671' docs='24' word-length='8.0000' coherence='-3.8788' uniform_dist='0.0238' corpus_dist='0.0073' token-doc-diff='0.0001' exclusivity='0.3031'>children</word>
<word rank='15' count='65' prob='0.00451' cumulative='0.10122' docs='5' word-length='7.0000' coherence='-6.3021' uniform_dist='0.0229' corpus_dist='0.0160' token-doc-diff='0.0046' exclusivity='0.9934'>vaccine</word>
<word rank='16' count='65' prob='0.00451' cumulative='0.10573' docs='32' word-length='5.0000' coherence='-3.8788' uniform_dist='0.0229' corpus_dist='0.0019' token-doc-diff='0.0011' exclusivity='0.1142'>world</word>
<word rank='17' count='63' prob='0.00437' cumulative='0.11009' docs='5' word-length='5.0000' coherence='-7.0574' uniform_dist='0.0221' corpus_dist='0.0131' token-doc-diff='0.0043' exclusivity='0.7371'>dewey</word>
<word rank='18' count='61' prob='0.00423' cumulative='0.11432' docs='26' word-length='9.0000' coherence='-4.7826' uniform_dist='0.0213' corpus_dist='0.0148' token-doc-diff='0.0004' exclusivity='0.9394'>scientist</word>
<word rank='19' count='60' prob='0.00416' cumulative='0.11848' docs='22' word-length='5.0000' coherence='-4.7826' uniform_dist='0.0208' corpus_dist='0.0122' token-doc-diff='0.0001' exclusivity='0.5938'>nobel</word>
<word rank='20' count='58' prob='0.00402' cumulative='0.12250' docs='6' word-length='5.0000' coherence='-6.2577' uniform_dist='0.0200' corpus_dist='0.0139' token-doc-diff='0.0030' exclusivity='0.9309'>freud</word>
</topic>
</model>

